{"cameraMode":{"drawMode":0,"name":"Shaded","section":"Shading Mode"},"sceneLighting":false,"audioPlay":false,"sceneViewState":{"m_AlwaysRefresh":false,"showFog":true,"showSkybox":false,"showFlares":true,"showImageEffects":true,"showParticleSystems":true,"showVisualEffectGraphs":true,"m_FxEnabled":true},"in2DMode":false,"pivot":{"x":0.8487176299095154,"y":24.53495216369629,"z":0.08172737807035446},"rotation":{"x":0.19924595952033997,"y":-0.26932212710380556,"z":0.05734395608305931,"w":0.9406647682189941},"size":1.234804391860962,"orthographic":false}