{"cameraMode":{"drawMode":0,"name":"Shaded","section":"Shading Mode"},"sceneLighting":false,"audioPlay":false,"sceneViewState":{"m_AlwaysRefresh":false,"showFog":true,"showSkybox":false,"showFlares":true,"showImageEffects":true,"showParticleSystems":true,"showVisualEffectGraphs":true,"m_FxEnabled":true},"in2DMode":false,"pivot":{"x":5.960464477539063e-8,"y":11.389999389648438,"z":-1.1920928955078126e-7},"rotation":{"x":0.13759353756904603,"y":0.0004546467389445752,"z":0.0003580882039386779,"w":0.9906448721885681},"size":15.016657829284668,"orthographic":false}